website;language
gisou.com;dutch
opposuits.eu;dutch
polaroid.com;dutch
nl.tonyschocolonely.com;dutch
viktor-rolf.com;dutch
artbymaudsch.com;dutch
tameson.nl;dutch
polarskateco.com;dutch
kiiroo.com;dutch
avantarte.com;dutch
paperlike.com;german
impericon.com;german
asphaltgold.com;german
livefastdieyoung.com;german
purelei.com;german
taschen.com;german
lamy.com;german
wildling.shoes;german
esn.com;german
northsails.com;german
manucurist.com;french
polene-paris.com;french
isabelmarant.com;french
merci-merci.com;french
wethenew.com;french
lecoqsportif.com;french
atoleajewelry.com;french
lancaster.com;french
juliettehasagun.com;french
rouje.com;french
coldcultureworldwide.com;spanish
palomawool.com;spanish
dondisfraz.com;spanish
smalltattoos.com;spanish
castaner.com;spanish
mellerbrand.com;spanish
tatteco.com;spanish
thehoffbrand.com;spanish
farmaciasdirect.eu;spanish
pdpaola.com;spanish
alessi.com;italian
apm.mc;italian
kappa.com;italian
k-way.com;italian
eu.clivechristian.com;italian
savetheduck.com;italian
p448.com;italian
alyxstudio.com;italian
dolceterra.com;italian
anndemeulemeester.com;italian
grimfrost.eu;swedish
agood.com;swedish
eu.flattered.com;swedish
boxbollen.com;swedish
belartestudio.com;swedish
twinkles.net;swedish
fitjeans.com;swedish
cdlp.com;swedish
volantaroma.com;swedish
sweedbeauty.com;swedish
